id,first_name,gender,compro
1,Rosina,Female,false
2,Adams,Male,false
3,Yehudit,Male,true
4,Harland,Male,false
5,Sayre,Female,false
6,Jere,Female,false
7,Rog,Male,false
8,Sayers,Male,true
9,Louis,Male,true
10,Elisha,Male,true
11,Maryanna,Female,false
12,Lynnet,Female,true
13,Gabe,Male,false
14,Derk,Male,false
15,Reinold,Male,true
16,Clywd,Male,false
17,Marlow,Male,true
18,Walsh,Male,false
19,Roscoe,Male,true
20,Willi,Male,false
21,Toddie,Male,false
22,Wyatt,Male,false
23,Kimball,Male,true
24,Alma,Female,true
25,Haywood,Male,false
26,Sylvan,Male,false
27,Anastassia,Female,false
28,Staci,Female,true
29,Glenna,Female,false
30,Trix,Female,true
31,Hobart,Male,true
32,Florencia,Bigender,false
33,Ariella,Female,true
34,Doretta,Female,false
35,Erich,Male,false
36,Shanda,Female,true
37,Kizzee,Female,true
38,Lacey,Female,true
39,Anica,Female,false
40,Gearalt,Male,true
41,Gunner,Male,false
42,Ashely,Female,true
43,Kayne,Male,true
44,Kent,Male,true
45,Petr,Male,true
46,Kathrine,Female,false
47,Owen,Male,false
48,Page,Female,false
49,Marilyn,Female,false
50,Tanny,Male,true
51,Sinclare,Male,false
52,Daryl,Male,true
53,Bartholomeus,Male,true
54,Milzie,Female,true
55,Aggy,Female,true
56,Betti,Female,false
57,Carny,Male,false
58,Beth,Female,true
59,Marylinda,Female,false
60,Zsazsa,Female,false
61,Dari,Female,true
62,Federico,Male,true
63,Tiebout,Male,false
64,Henriette,Female,false
65,Fabio,Male,true
66,Garth,Male,false
67,Niles,Male,true
68,Hercules,Male,false
69,Clementius,Male,false
70,Krisha,Male,true
71,Inge,Female,false
72,Tremaine,Male,true
73,Daisi,Female,false
74,Chrisse,Male,true
75,Vanessa,Female,false
76,Massimo,Male,false
77,Rasia,Female,false
78,Fan,Female,false
79,Augustin,Male,false
80,Kristine,Female,false
81,Ronald,Bigender,false
82,Mora,Female,true
83,Homere,Male,true
84,Kristen,Female,false
85,Johannes,Male,false
86,Helli,Polygender,true
87,Ara,Male,true
88,Emelen,Male,false
89,Quent,Male,false
90,Remus,Male,false
91,Oswell,Non-binary,true
92,Kathryne,Female,true
93,Sibylla,Polygender,false
94,Gill,Female,true
95,Abbey,Male,false
96,Quentin,Male,true
97,Leonore,Female,false
98,Emilie,Female,true
99,Cleve,Male,false
100,Natalee,Genderfluid,false
101,Lorene,Polygender,true
102,Corenda,Female,true
103,Yevette,Female,true
104,Katine,Female,true
105,Ursulina,Female,true
106,Sargent,Male,false
107,Lars,Male,true
108,Truda,Female,false
109,Efrem,Bigender,true
110,Igor,Male,true
111,Tomkin,Male,false
112,Cele,Female,false
113,Dion,Female,false
114,Helli,Female,true
115,Evangeline,Female,true
116,Faith,Female,true
117,Lezlie,Female,true
118,Joeann,Female,false
119,Katya,Female,false
120,Colline,Female,false
121,Layla,Female,true
122,Becky,Female,true
123,Bourke,Male,true
124,Florencia,Female,true
125,Pierce,Male,true
126,Layton,Male,false
127,Hakim,Genderfluid,false
128,Myrah,Female,false
129,Daisie,Female,true
130,Hillard,Genderqueer,false
131,Nanine,Female,true
132,Dayna,Female,false
133,Gaven,Male,false
134,Archer,Male,true
135,Jordana,Female,true
136,Nicolina,Female,true
137,Meggy,Female,false
138,Adolphe,Male,true
139,Caryl,Female,true
140,Tandie,Female,false
141,Vania,Female,true
142,Henri,Genderfluid,false
143,Addison,Male,true
144,Graehme,Male,false
145,Martyn,Polygender,true
146,Madeline,Female,true
147,Tracie,Female,false
148,Vito,Male,false
149,Micheline,Female,true
150,Heidie,Female,true
151,Vivianne,Polygender,false
152,Barbe,Female,false
153,James,Male,true
154,Karia,Female,false
155,Reginauld,Non-binary,true
156,Gerik,Bigender,true
157,Kirsten,Polygender,false
158,Artus,Male,true
159,Davine,Female,true
160,Dallis,Male,false
161,Guillaume,Male,false
162,Rand,Male,false
163,Joachim,Male,true
164,Lane,Female,true
165,Maude,Female,true
166,Andromache,Female,false
167,Stirling,Male,false
168,Shermie,Male,false
169,Ilario,Male,false
170,Clim,Male,true
171,Mathew,Male,true
172,Ruthie,Female,true
173,Vonni,Female,true
174,Paige,Male,true
175,Guillermo,Male,false
176,Lyssa,Female,true
177,Walker,Male,true
178,Mariya,Female,false
179,Reeta,Non-binary,true
180,Farra,Polygender,false
181,Aeriell,Female,true
182,Pearce,Male,true
183,Irvine,Male,false
184,Desiree,Agender,false
185,Charity,Female,true
186,Jarrad,Male,false
187,Joli,Female,false
188,Tansy,Female,false
189,Verile,Female,true
190,Edmund,Male,false
191,Angel,Female,false
192,Angelo,Male,false
193,Robinette,Female,false
194,Arlen,Female,true
195,Charmion,Female,true
196,Johny,Genderfluid,true
197,Taddeusz,Male,false
198,Hubey,Non-binary,true
199,Allene,Female,false
200,Mozes,Male,true
